
INSERT INTO songs (id, artist_human_id, title, duration_seconds, individual_price_cents) 
VALUES ('87bf15f2-d362-4d60-b314-e0417c8b15eb', '00000000-0000-0000-0002-000000000001', 'Love''s in Need of Love Today', 240, 129);

INSERT INTO album_songs (album_id, song_id, track_number)
VALUES ('00000000-0000-0000-0003-000000000002', '87bf15f2-d362-4d60-b314-e0417c8b15eb', 1);

INSERT INTO media_files (entity_type, entity_id, file_path, file_format, mime_type)
VALUES ('song', '87bf15f2-d362-4d60-b314-e0417c8b15eb', '/artists/stevie-wonder/products/music/masters/Songs In The Key Of Life/01-love-s-in-need-of-love-today.mp3', 'mp3', 'audio/mpeg');

INSERT INTO songs (id, artist_human_id, title, duration_seconds, individual_price_cents) 
VALUES ('c53f999c-eeef-4414-bd3c-f60a0b81b80f', '00000000-0000-0000-0002-000000000001', 'Have a Talk With God', 240, 129);

INSERT INTO album_songs (album_id, song_id, track_number)
VALUES ('00000000-0000-0000-0003-000000000002', 'c53f999c-eeef-4414-bd3c-f60a0b81b80f', 2);

INSERT INTO media_files (entity_type, entity_id, file_path, file_format, mime_type)
VALUES ('song', 'c53f999c-eeef-4414-bd3c-f60a0b81b80f', '/artists/stevie-wonder/products/music/masters/Songs In The Key Of Life/02-have-a-talk-with-god.mp3', 'mp3', 'audio/mpeg');

INSERT INTO songs (id, artist_human_id, title, duration_seconds, individual_price_cents) 
VALUES ('db50b99e-b4bc-4c24-a726-f334ca94e20b', '00000000-0000-0000-0002-000000000001', 'Village Ghetto Land', 240, 129);

INSERT INTO album_songs (album_id, song_id, track_number)
VALUES ('00000000-0000-0000-0003-000000000002', 'db50b99e-b4bc-4c24-a726-f334ca94e20b', 3);

INSERT INTO media_files (entity_type, entity_id, file_path, file_format, mime_type)
VALUES ('song', 'db50b99e-b4bc-4c24-a726-f334ca94e20b', '/artists/stevie-wonder/products/music/masters/Songs In The Key Of Life/03-village-ghetto-land.mp3', 'mp3', 'audio/mpeg');

INSERT INTO songs (id, artist_human_id, title, duration_seconds, individual_price_cents) 
VALUES ('85957d78-afe9-4911-b0cf-54aefd61a905', '00000000-0000-0000-0002-000000000001', 'Contusion', 240, 129);

INSERT INTO album_songs (album_id, song_id, track_number)
VALUES ('00000000-0000-0000-0003-000000000002', '85957d78-afe9-4911-b0cf-54aefd61a905', 4);

INSERT INTO media_files (entity_type, entity_id, file_path, file_format, mime_type)
VALUES ('song', '85957d78-afe9-4911-b0cf-54aefd61a905', '/artists/stevie-wonder/products/music/masters/Songs In The Key Of Life/04-contusion.mp3', 'mp3', 'audio/mpeg');

INSERT INTO songs (id, artist_human_id, title, duration_seconds, individual_price_cents) 
VALUES ('6d0baa90-3027-4d36-a502-0e920ed389ed', '00000000-0000-0000-0002-000000000001', 'Sir Duke', 240, 129);

INSERT INTO album_songs (album_id, song_id, track_number)
VALUES ('00000000-0000-0000-0003-000000000002', '6d0baa90-3027-4d36-a502-0e920ed389ed', 5);

INSERT INTO media_files (entity_type, entity_id, file_path, file_format, mime_type)
VALUES ('song', '6d0baa90-3027-4d36-a502-0e920ed389ed', '/artists/stevie-wonder/products/music/masters/Songs In The Key Of Life/05-sir-duke.mp3', 'mp3', 'audio/mpeg');

INSERT INTO songs (id, artist_human_id, title, duration_seconds, individual_price_cents) 
VALUES ('41cd3d8b-319f-4ead-840b-71084ef6da35', '00000000-0000-0000-0002-000000000001', 'I Wish', 240, 129);

INSERT INTO album_songs (album_id, song_id, track_number)
VALUES ('00000000-0000-0000-0003-000000000002', '41cd3d8b-319f-4ead-840b-71084ef6da35', 6);

INSERT INTO media_files (entity_type, entity_id, file_path, file_format, mime_type)
VALUES ('song', '41cd3d8b-319f-4ead-840b-71084ef6da35', '/artists/stevie-wonder/products/music/masters/Songs In The Key Of Life/06-i-wish.mp3', 'mp3', 'audio/mpeg');

INSERT INTO songs (id, artist_human_id, title, duration_seconds, individual_price_cents) 
VALUES ('36a69eaf-8367-4811-ab45-24be48f11e0f', '00000000-0000-0000-0002-000000000001', 'Knocks Me off My Feet', 240, 129);

INSERT INTO album_songs (album_id, song_id, track_number)
VALUES ('00000000-0000-0000-0003-000000000002', '36a69eaf-8367-4811-ab45-24be48f11e0f', 7);

INSERT INTO media_files (entity_type, entity_id, file_path, file_format, mime_type)
VALUES ('song', '36a69eaf-8367-4811-ab45-24be48f11e0f', '/artists/stevie-wonder/products/music/masters/Songs In The Key Of Life/07-knocks-me-off-my-feet.mp3', 'mp3', 'audio/mpeg');

INSERT INTO songs (id, artist_human_id, title, duration_seconds, individual_price_cents) 
VALUES ('a954daea-2654-46fa-bfa8-08433ca38a1e', '00000000-0000-0000-0002-000000000001', 'Pastime Paradise', 240, 129);

INSERT INTO album_songs (album_id, song_id, track_number)
VALUES ('00000000-0000-0000-0003-000000000002', 'a954daea-2654-46fa-bfa8-08433ca38a1e', 8);

INSERT INTO media_files (entity_type, entity_id, file_path, file_format, mime_type)
VALUES ('song', 'a954daea-2654-46fa-bfa8-08433ca38a1e', '/artists/stevie-wonder/products/music/masters/Songs In The Key Of Life/08-pastime-paradise.mp3', 'mp3', 'audio/mpeg');

INSERT INTO songs (id, artist_human_id, title, duration_seconds, individual_price_cents) 
VALUES ('6e13cbd0-c4ba-4d5a-838d-6992e9431df2', '00000000-0000-0000-0002-000000000001', 'Summer Soft', 240, 129);

INSERT INTO album_songs (album_id, song_id, track_number)
VALUES ('00000000-0000-0000-0003-000000000002', '6e13cbd0-c4ba-4d5a-838d-6992e9431df2', 9);

INSERT INTO media_files (entity_type, entity_id, file_path, file_format, mime_type)
VALUES ('song', '6e13cbd0-c4ba-4d5a-838d-6992e9431df2', '/artists/stevie-wonder/products/music/masters/Songs In The Key Of Life/09-summer-soft.mp3', 'mp3', 'audio/mpeg');

INSERT INTO songs (id, artist_human_id, title, duration_seconds, individual_price_cents) 
VALUES ('fd3fcedb-ec9f-45ac-9e15-d49a36cd6801', '00000000-0000-0000-0002-000000000001', 'Ordinary Pain', 240, 129);

INSERT INTO album_songs (album_id, song_id, track_number)
VALUES ('00000000-0000-0000-0003-000000000002', 'fd3fcedb-ec9f-45ac-9e15-d49a36cd6801', 10);

INSERT INTO media_files (entity_type, entity_id, file_path, file_format, mime_type)
VALUES ('song', 'fd3fcedb-ec9f-45ac-9e15-d49a36cd6801', '/artists/stevie-wonder/products/music/masters/Songs In The Key Of Life/10-ordinary-pain.mp3', 'mp3', 'audio/mpeg');

INSERT INTO songs (id, artist_human_id, title, duration_seconds, individual_price_cents) 
VALUES ('51029fcb-3a75-4adc-ac63-c48d055db4a2', '00000000-0000-0000-0002-000000000001', 'Isn''t She Lovely', 240, 129);

INSERT INTO album_songs (album_id, song_id, track_number)
VALUES ('00000000-0000-0000-0003-000000000002', '51029fcb-3a75-4adc-ac63-c48d055db4a2', 11);

INSERT INTO media_files (entity_type, entity_id, file_path, file_format, mime_type)
VALUES ('song', '51029fcb-3a75-4adc-ac63-c48d055db4a2', '/artists/stevie-wonder/products/music/masters/Songs In The Key Of Life/11-isn-t-she-lovely.mp3', 'mp3', 'audio/mpeg');

INSERT INTO songs (id, artist_human_id, title, duration_seconds, individual_price_cents) 
VALUES ('432501c9-854a-4b64-8b7d-d15c2a3111be', '00000000-0000-0000-0002-000000000001', 'Joy Inside My Tears', 240, 129);

INSERT INTO album_songs (album_id, song_id, track_number)
VALUES ('00000000-0000-0000-0003-000000000002', '432501c9-854a-4b64-8b7d-d15c2a3111be', 12);

INSERT INTO media_files (entity_type, entity_id, file_path, file_format, mime_type)
VALUES ('song', '432501c9-854a-4b64-8b7d-d15c2a3111be', '/artists/stevie-wonder/products/music/masters/Songs In The Key Of Life/12-joy-inside-my-tears.mp3', 'mp3', 'audio/mpeg');

INSERT INTO songs (id, artist_human_id, title, duration_seconds, individual_price_cents) 
VALUES ('fa481365-47b7-41da-9d62-cce875afafa1', '00000000-0000-0000-0002-000000000001', 'Black Man', 240, 129);

INSERT INTO album_songs (album_id, song_id, track_number)
VALUES ('00000000-0000-0000-0003-000000000002', 'fa481365-47b7-41da-9d62-cce875afafa1', 13);

INSERT INTO media_files (entity_type, entity_id, file_path, file_format, mime_type)
VALUES ('song', 'fa481365-47b7-41da-9d62-cce875afafa1', '/artists/stevie-wonder/products/music/masters/Songs In The Key Of Life/13-black-man.mp3', 'mp3', 'audio/mpeg');

INSERT INTO songs (id, artist_human_id, title, duration_seconds, individual_price_cents) 
VALUES ('1f8e08f0-d21a-45b2-b462-430c657e8ba8', '00000000-0000-0000-0002-000000000001', 'Ngiculela-Es Una Historia-I Am Si', 240, 129);

INSERT INTO album_songs (album_id, song_id, track_number)
VALUES ('00000000-0000-0000-0003-000000000002', '1f8e08f0-d21a-45b2-b462-430c657e8ba8', 14);

INSERT INTO media_files (entity_type, entity_id, file_path, file_format, mime_type)
VALUES ('song', '1f8e08f0-d21a-45b2-b462-430c657e8ba8', '/artists/stevie-wonder/products/music/masters/Songs In The Key Of Life/14-ngiculela-es-una-historia-i-am-si.mp3', 'mp3', 'audio/mpeg');

INSERT INTO songs (id, artist_human_id, title, duration_seconds, individual_price_cents) 
VALUES ('5abeef30-d251-418b-8142-1ae764283e36', '00000000-0000-0000-0002-000000000001', 'If It''s Magic', 240, 129);

INSERT INTO album_songs (album_id, song_id, track_number)
VALUES ('00000000-0000-0000-0003-000000000002', '5abeef30-d251-418b-8142-1ae764283e36', 15);

INSERT INTO media_files (entity_type, entity_id, file_path, file_format, mime_type)
VALUES ('song', '5abeef30-d251-418b-8142-1ae764283e36', '/artists/stevie-wonder/products/music/masters/Songs In The Key Of Life/15-if-it-s-magic.mp3', 'mp3', 'audio/mpeg');

INSERT INTO songs (id, artist_human_id, title, duration_seconds, individual_price_cents) 
VALUES ('da312283-c93c-48b3-b6cd-7d721274ff02', '00000000-0000-0000-0002-000000000001', 'As', 240, 129);

INSERT INTO album_songs (album_id, song_id, track_number)
VALUES ('00000000-0000-0000-0003-000000000002', 'da312283-c93c-48b3-b6cd-7d721274ff02', 16);

INSERT INTO media_files (entity_type, entity_id, file_path, file_format, mime_type)
VALUES ('song', 'da312283-c93c-48b3-b6cd-7d721274ff02', '/artists/stevie-wonder/products/music/masters/Songs In The Key Of Life/16-as.mp3', 'mp3', 'audio/mpeg');

INSERT INTO songs (id, artist_human_id, title, duration_seconds, individual_price_cents) 
VALUES ('b4428c35-cc7a-45b8-827f-fbf218ec71e5', '00000000-0000-0000-0002-000000000001', 'Another Star', 240, 129);

INSERT INTO album_songs (album_id, song_id, track_number)
VALUES ('00000000-0000-0000-0003-000000000002', 'b4428c35-cc7a-45b8-827f-fbf218ec71e5', 17);

INSERT INTO media_files (entity_type, entity_id, file_path, file_format, mime_type)
VALUES ('song', 'b4428c35-cc7a-45b8-827f-fbf218ec71e5', '/artists/stevie-wonder/products/music/masters/Songs In The Key Of Life/17-another-star.mp3', 'mp3', 'audio/mpeg');

INSERT INTO songs (id, artist_human_id, title, duration_seconds, individual_price_cents) 
VALUES ('aa5befcd-e909-47af-8653-0f9d56cdc12a', '00000000-0000-0000-0002-000000000001', 'Saturn', 240, 129);

INSERT INTO album_songs (album_id, song_id, track_number)
VALUES ('00000000-0000-0000-0003-000000000002', 'aa5befcd-e909-47af-8653-0f9d56cdc12a', 18);

INSERT INTO media_files (entity_type, entity_id, file_path, file_format, mime_type)
VALUES ('song', 'aa5befcd-e909-47af-8653-0f9d56cdc12a', '/artists/stevie-wonder/products/music/masters/Songs In The Key Of Life/18-saturn.mp3', 'mp3', 'audio/mpeg');

INSERT INTO songs (id, artist_human_id, title, duration_seconds, individual_price_cents) 
VALUES ('ebefc0d8-73a8-41bf-b31a-bf974457205c', '00000000-0000-0000-0002-000000000001', 'Ebony Eyes', 240, 129);

INSERT INTO album_songs (album_id, song_id, track_number)
VALUES ('00000000-0000-0000-0003-000000000002', 'ebefc0d8-73a8-41bf-b31a-bf974457205c', 19);

INSERT INTO media_files (entity_type, entity_id, file_path, file_format, mime_type)
VALUES ('song', 'ebefc0d8-73a8-41bf-b31a-bf974457205c', '/artists/stevie-wonder/products/music/masters/Songs In The Key Of Life/19-ebony-eyes.mp3', 'mp3', 'audio/mpeg');

INSERT INTO songs (id, artist_human_id, title, duration_seconds, individual_price_cents) 
VALUES ('f23b08f6-2606-4453-9bc9-e3c6c6d377ff', '00000000-0000-0000-0002-000000000001', 'All Day Sucker', 240, 129);

INSERT INTO album_songs (album_id, song_id, track_number)
VALUES ('00000000-0000-0000-0003-000000000002', 'f23b08f6-2606-4453-9bc9-e3c6c6d377ff', 20);

INSERT INTO media_files (entity_type, entity_id, file_path, file_format, mime_type)
VALUES ('song', 'f23b08f6-2606-4453-9bc9-e3c6c6d377ff', '/artists/stevie-wonder/products/music/masters/Songs In The Key Of Life/20-all-day-sucker.mp3', 'mp3', 'audio/mpeg');

INSERT INTO songs (id, artist_human_id, title, duration_seconds, individual_price_cents) 
VALUES ('1d175d83-2bd8-4b83-b57f-9755425533e3', '00000000-0000-0000-0002-000000000001', 'Easy Goin'' Evening (My Mama''s', 240, 129);

INSERT INTO album_songs (album_id, song_id, track_number)
VALUES ('00000000-0000-0000-0003-000000000002', '1d175d83-2bd8-4b83-b57f-9755425533e3', 21);

INSERT INTO media_files (entity_type, entity_id, file_path, file_format, mime_type)
VALUES ('song', '1d175d83-2bd8-4b83-b57f-9755425533e3', '/artists/stevie-wonder/products/music/masters/Songs In The Key Of Life/21-easy-goin--evening--my-mama-s.mp3', 'mp3', 'audio/mpeg');
INSERT INTO albums (id, artist_human_id, title, price_cents, genre) VALUES ('d407a9ad-55cd-46a0-a4d6-4b2d31e87055', '00000000-0000-0000-0002-000000000002', 'That''s The Way Of The World', 1599, 'R&B/Funk') ON CONFLICT (id) DO NOTHING;

INSERT INTO songs (id, artist_human_id, title, duration_seconds, individual_price_cents) 
VALUES ('13240150-a912-47f9-8d7d-8686b9ed7a03', '00000000-0000-0000-0002-000000000002', 'Africano', 240, 129);

INSERT INTO album_songs (album_id, song_id, track_number)
VALUES ('d407a9ad-55cd-46a0-a4d6-4b2d31e87055', '13240150-a912-47f9-8d7d-8686b9ed7a03', 1);

INSERT INTO media_files (entity_type, entity_id, file_path, file_format, mime_type)
VALUES ('song', '13240150-a912-47f9-8d7d-8686b9ed7a03', '/artists/ewf/products/music/masters/That''s The Way Of The World/01-africano.mp3', 'mp3', 'audio/mpeg');

INSERT INTO songs (id, artist_human_id, title, duration_seconds, individual_price_cents) 
VALUES ('9072647b-0b42-4e2f-a0ff-a84bfd191daa', '00000000-0000-0000-0002-000000000002', 'All About Love', 240, 129);

INSERT INTO album_songs (album_id, song_id, track_number)
VALUES ('d407a9ad-55cd-46a0-a4d6-4b2d31e87055', '9072647b-0b42-4e2f-a0ff-a84bfd191daa', 2);

INSERT INTO media_files (entity_type, entity_id, file_path, file_format, mime_type)
VALUES ('song', '9072647b-0b42-4e2f-a0ff-a84bfd191daa', '/artists/ewf/products/music/masters/That''s The Way Of The World/02-all-about-love.mp3', 'mp3', 'audio/mpeg');

INSERT INTO songs (id, artist_human_id, title, duration_seconds, individual_price_cents) 
VALUES ('c91c041b-9c36-4062-90d1-de6dd983ba53', '00000000-0000-0000-0002-000000000002', 'Happy Feelin''', 240, 129);

INSERT INTO album_songs (album_id, song_id, track_number)
VALUES ('d407a9ad-55cd-46a0-a4d6-4b2d31e87055', 'c91c041b-9c36-4062-90d1-de6dd983ba53', 3);

INSERT INTO media_files (entity_type, entity_id, file_path, file_format, mime_type)
VALUES ('song', 'c91c041b-9c36-4062-90d1-de6dd983ba53', '/artists/ewf/products/music/masters/That''s The Way Of The World/03-happy-feelin-.mp3', 'mp3', 'audio/mpeg');

INSERT INTO songs (id, artist_human_id, title, duration_seconds, individual_price_cents) 
VALUES ('6904883d-848d-4e21-bb05-e4b550a9140f', '00000000-0000-0000-0002-000000000002', 'Reasons', 240, 129);

INSERT INTO album_songs (album_id, song_id, track_number)
VALUES ('d407a9ad-55cd-46a0-a4d6-4b2d31e87055', '6904883d-848d-4e21-bb05-e4b550a9140f', 4);

INSERT INTO media_files (entity_type, entity_id, file_path, file_format, mime_type)
VALUES ('song', '6904883d-848d-4e21-bb05-e4b550a9140f', '/artists/ewf/products/music/masters/That''s The Way Of The World/04-reasons.mp3', 'mp3', 'audio/mpeg');

INSERT INTO songs (id, artist_human_id, title, duration_seconds, individual_price_cents) 
VALUES ('95a197a0-4c17-4ea5-bb4c-cea3114324c3', '00000000-0000-0000-0002-000000000002', 'See the Light', 240, 129);

INSERT INTO album_songs (album_id, song_id, track_number)
VALUES ('d407a9ad-55cd-46a0-a4d6-4b2d31e87055', '95a197a0-4c17-4ea5-bb4c-cea3114324c3', 5);

INSERT INTO media_files (entity_type, entity_id, file_path, file_format, mime_type)
VALUES ('song', '95a197a0-4c17-4ea5-bb4c-cea3114324c3', '/artists/ewf/products/music/masters/That''s The Way Of The World/05-see-the-light.mp3', 'mp3', 'audio/mpeg');

INSERT INTO songs (id, artist_human_id, title, duration_seconds, individual_price_cents) 
VALUES ('68aef3ae-6abd-4e01-b1f7-7d4ac4e92b0e', '00000000-0000-0000-0002-000000000002', 'Shining Star', 240, 129);

INSERT INTO album_songs (album_id, song_id, track_number)
VALUES ('d407a9ad-55cd-46a0-a4d6-4b2d31e87055', '68aef3ae-6abd-4e01-b1f7-7d4ac4e92b0e', 6);

INSERT INTO media_files (entity_type, entity_id, file_path, file_format, mime_type)
VALUES ('song', '68aef3ae-6abd-4e01-b1f7-7d4ac4e92b0e', '/artists/ewf/products/music/masters/That''s The Way Of The World/06-shining-star.mp3', 'mp3', 'audio/mpeg');

INSERT INTO songs (id, artist_human_id, title, duration_seconds, individual_price_cents) 
VALUES ('6fc17d3e-85a7-4a9e-828e-e1cbbeabacd1', '00000000-0000-0000-0002-000000000002', 'That''s The Way of The World', 240, 129);

INSERT INTO album_songs (album_id, song_id, track_number)
VALUES ('d407a9ad-55cd-46a0-a4d6-4b2d31e87055', '6fc17d3e-85a7-4a9e-828e-e1cbbeabacd1', 7);

INSERT INTO media_files (entity_type, entity_id, file_path, file_format, mime_type)
VALUES ('song', '6fc17d3e-85a7-4a9e-828e-e1cbbeabacd1', '/artists/ewf/products/music/masters/That''s The Way Of The World/07-that-s-the-way-of-the-world.mp3', 'mp3', 'audio/mpeg');

INSERT INTO songs (id, artist_human_id, title, duration_seconds, individual_price_cents) 
VALUES ('90c8aa3e-ff4d-42c0-ba3f-93c0ba01b64d', '00000000-0000-0000-0002-000000000002', 'Yearnin'' Learnin''', 240, 129);

INSERT INTO album_songs (album_id, song_id, track_number)
VALUES ('d407a9ad-55cd-46a0-a4d6-4b2d31e87055', '90c8aa3e-ff4d-42c0-ba3f-93c0ba01b64d', 8);

INSERT INTO media_files (entity_type, entity_id, file_path, file_format, mime_type)
VALUES ('song', '90c8aa3e-ff4d-42c0-ba3f-93c0ba01b64d', '/artists/ewf/products/music/masters/That''s The Way Of The World/08-yearnin--learnin-.mp3', 'mp3', 'audio/mpeg');
